candidate_id,name,domain,seniority,availability,modality_pref,location,skills,years_experience,salary_expect_min_ars,salary_expect_max_ars
C-0001,Sofía Díaz,Educación,jr,PT,presencial,Álvarez de Toledo,Planificación; Apoyo escolar; Didáctica,0,462563,759829
C-0002,Juan Pérez,Industrial,jr,PT,presencial,Álvarez de Toledo,Herramental; Electricidad industrial; Seguridad e Higiene,1,414907,998368
C-0003,María Gómez,Administración,ssr,FT,presencial,Saladillo centro,Nociones impositivas; Excel intermedio; Conciliaciones,4,641852,975042
C-0004,Lucas Rodríguez,Logística,jr,PT,presencial,Saladillo centro,Carga/descarga; Ruteo; Conducción cat. B,4,654925,899737
C-0005,Valentina López,Administración,jr,FT,presencial,Del Carril,Conciliaciones; Excel intermedio; Nociones impositivas,5,628774,862090
C-0006,Diego Fernández,Educación,ssr,FT,presencial,Barrio 31 de Julio,Apoyo escolar; Comunicación; Planificación,2,392915,900581
C-0007,Camila Martínez,Salud,jr,FT,híbrido,Barrio 31 de Julio,Guardia; Medicacion; Registros clínicos,2,529335,789841
C-0008,Matías Herrera,Marketing,ssr,PT,híbrido,Álvarez de Toledo,Métricas; Redes sociales; Diseño básico,4,610400,902016
C-0009,Julieta Silva,Marketing,jr,FT,híbrido,Álvarez de Toledo,Redes sociales; Métricas; Copywriting,3,583644,824605
C-0010,Agustín Torres,Software,jr,FT,híbrido,Saladillo centro,JavaScript; HTML; CSS,2,464403,951387
C-0011,Ana Ponce,Salud,ssr,PT,presencial,Barrio 31 de Julio,Medicacion; Registros clínicos; Atención pacientes,3,585503,855288
C-0012,Ezequiel Castro,Salud,ssr,PT,híbrido,Barrio 31 de Julio,Medicacion; Guardia; Registros clínicos,5,429126,771753
C-0013,Rocío Morales,Logística,ssr,FT,híbrido,Parque Industrial,Ruteo; Conducción cat. B; Carga/descarga,0,352146,788188
C-0014,Nicolás Sosa,Software,ssr,FT,presencial,Del Carril,Soporte IT; JavaScript; Git,4,643219,852859
C-0015,Brenda Rivas,Software,ssr,FT,presencial,Saladillo centro,Git; Soporte IT; HTML,3,459452,865507
C-0016,Tomás Cabrera,Logística,jr,FT,presencial,Parque Industrial,Conducción cat. B; Ruteo; Atención al cliente,0,671775,756684
C-0017,Florencia Núñez,Industrial,ssr,PT,híbrido,Del Carril,Lectura de planos; Herramental; Seguridad e Higiene,5,414404,780239
C-0018,Gonzalo Ibarra,Marketing,jr,FT,presencial,Parque Industrial,Métricas; Copywriting; Diseño básico,2,488808,875467
C-0019,Milagros Vega,Logística,jr,PT,presencial,Parque Industrial,Conducción cat. B; Atención al cliente; Ruteo,1,621789,846128
C-0020,Franco Ruiz,Logística,jr,FT,presencial,Del Carril,Carga/descarga; Conducción cat. B; Ruteo,5,468876,802407
