job_id,title,industry,seniority,schedule,modality,salary_min_ars,salary_max_ars,location,skills_required,mandatory_skills,status
J-0001,Cajero/a,Comercio,jr,FT,presencial,450000,550000,Saladillo centro,Caja; Atención al cliente; Manejo POS; Excel básico,Caja; Atención al cliente,open
J-0002,Vendedor/a de mostrador,Comercio,jr,FT,presencial,430000,520000,"Barrio 31 de Julio, Saladillo",Ventas; Comunicación; CRM básico; Redes sociales,Ventas; Comunicación,open
J-0003,Operario/a Metalúrgico,Industrial/Metal,jr,FT,presencial,520000,650000,Parque Industrial Saladillo,Soldadura MIG/TIG; Lectura de planos; Seguridad e Higiene; Herramental,Seguridad e Higiene; Lectura de planos,open
J-0004,Chofer de reparto (Cat. B),Logística,jr,FT,presencial,500000,620000,Saladillo y alrededores,Conducción cat. B; Ruteo; Trato con clientes; Carga/descarga,Conducción cat. B,open
J-0005,Administrativo/a Contable Jr,Administración/Finanzas,jr,FT,presencial,520000,680000,Saladillo centro,Excel intermedio; Facturación; Conciliaciones; Nociones impositivas,Excel intermedio; Facturación,open
J-0006,Enfermero/a,Salud,ssr,FT,presencial,650000,820000,"Clínica privada, Saladillo",Atención pacientes; Medicación; Registros clínicos; Guardia,Atención pacientes; Medicación,open
J-0007,Docente de apoyo escolar (Primaria),Educación,jr,PT,presencial,300000,380000,"Barrio 31 de Julio, Saladillo",Didáctica; Paciencia; Comunicación; Planificación,Didáctica,open
J-0008,Desarrollador/a Web Jr,Software,jr,FT,híbrido,600000,800000,Saladillo / remoto parcial,HTML; CSS; JavaScript; Git; Comunicación,HTML; CSS; JavaScript,open
J-0009,Técnico/a Electromecánico,Industrial/Metal,ssr,FT,presencial,700000,900000,Parque Industrial Saladillo,Mantenimiento; Electricidad industrial; Neumática; Seguridad,Mantenimiento; Electricidad industrial,open
J-0010,Community Manager para comercio local,Comercio,jr,PT,híbrido,320000,420000,Saladillo centro / remoto parcial,Redes sociales; Copywriting; Diseño básico; Métricas,Redes sociales,open
